Costs,Total,Zone1
cTotal,5.678642130567734e9,5.358273737550935e9
cFix,4.812609674544499e9,4.812609674544498e9
cVar,5.699235728821466e8,5.69923572882085e8
cNSE,7.109061580796692e6,7.109061580796693e6
cStart,9.680887251977631e7,9.680887251976475e7
cUnmetRsv,0.0,-
cNetworkExp,0.0,-
