Status,Solve,Objval
OPTIMAL,544.9340000152588,5678.642130567734
